cfips,is_coastal
1001,False
1003,True
1005,False
1007,False
1009,False
1011,False
1013,False
1015,False
1017,False
1019,False
1021,False
1023,False
1025,False
1027,False
1029,False
1031,False
1033,False
1035,False
1037,False
1039,False
1041,False
1043,False
1045,False
1047,False
1049,False
1051,False
1053,False
1055,False
1057,False
1059,False
1061,False
1063,False
1065,False
1067,False
1069,False
1071,False
1073,False
1075,False
1077,False
1079,False
1081,False
1083,False
1085,False
1087,False
1089,False
1091,False
1093,False
1095,False
1097,True
1099,False
1101,False
1103,False
1105,False
1107,False
1109,False
1111,False
1113,False
1115,False
1117,False
1119,False
1121,False
1123,False
1125,False
1127,False
1129,False
1131,False
1133,False
2013,True
2016,True
2020,True
2050,True
2060,True
2068,False
2070,True
2090,False
2100,True
2105,True
2110,True
2122,True
2130,True
2150,True
2164,True
2170,True
2180,True
2185,True
2188,True
2195,True
2198,True
2220,True
2230,True
2240,False
2275,True
2282,True
2290,False
4001,False
4003,False
4005,False
4007,False
4009,False
4011,False
4012,False
4013,False
4015,False
4017,False
4019,False
4021,False
4023,False
4025,False
4027,False
5001,False
5003,False
5005,False
5007,False
5009,False
5011,False
5013,False
5015,False
5017,False
5019,False
5021,False
5023,False
5025,False
5027,False
5029,False
5031,False
5033,False
5035,False
5037,False
5039,False
5041,False
5043,False
5045,False
5047,False
5049,False
5051,False
5053,False
5055,False
5057,False
5059,False
5061,False
5063,False
5065,False
5067,False
5069,False
5071,False
5073,False
5075,False
5077,False
5079,False
5081,False
5083,False
5085,False
5087,False
5089,False
5091,False
5093,False
5095,False
5097,False
5099,False
5101,False
5103,False
5105,False
5107,False
5109,False
5111,False
5113,False
5115,False
5117,False
5119,False
5121,False
5123,False
5125,False
5127,False
5129,False
5131,False
5133,False
5135,False
5137,False
5139,False
5141,False
5143,False
5145,False
5147,False
5149,False
6001,True
6003,False
6005,False
6007,False
6009,False
6011,False
6013,True
6015,True
6017,False
6019,False
6021,False
6023,True
6025,False
6027,False
6029,False
6031,False
6033,False
6035,False
6037,True
6039,False
6041,True
6043,False
6045,True
6047,False
6049,False
6051,False
6053,True
6055,False
6057,False
6059,True
6061,False
6063,False
6065,False
6067,False
6069,False
6071,False
6073,True
6075,True
6077,False
6079,True
6081,True
6083,True
6085,True
6087,True
6089,False
6091,False
6093,False
6095,True
6097,True
6099,False
6101,False
6103,False
6105,False
6107,False
6109,False
6111,True
6113,False
6115,False
8001,False
8003,False
8005,False
8007,False
8009,False
8011,False
8013,False
8014,False
8015,False
8017,False
8019,False
8021,False
8023,False
8025,False
8027,False
8029,False
8031,False
8033,False
8035,False
8037,False
8039,False
8041,False
8043,False
8045,False
8047,False
8049,False
8051,False
8053,False
8055,False
8057,False
8059,False
8061,False
8063,False
8065,False
8067,False
8069,False
8071,False
8073,False
8075,False
8077,False
8079,False
8081,False
8083,False
8085,False
8087,False
8089,False
8091,False
8093,False
8095,False
8097,False
8099,False
8101,False
8103,False
8105,False
8107,False
8109,False
8111,False
8113,False
8115,False
8117,False
8119,False
8121,False
8123,False
8125,False
9001,True
9003,False
9005,False
9007,True
9009,True
9011,True
9013,False
9015,False
10001,True
10003,True
10005,True
11001,False
12001,False
12003,False
12005,True
12007,False
12009,True
12011,True
12013,False
12015,True
12017,True
12019,False
12021,True
12023,False
12027,False
12029,True
12031,True
12033,True
12035,True
12037,True
12039,False
12041,False
12043,False
12045,True
12047,False
12049,False
12051,False
12053,True
12055,False
12057,True
12059,False
12061,True
12063,False
12065,True
12067,False
12069,False
12071,True
12073,False
12075,True
12077,False
12079,False
12081,True
12083,False
12085,True
12086,True
12087,True
12089,True
12091,True
12093,False
12095,False
12097,False
12099,True
12101,True
12103,True
12105,False
12107,False
12109,True
12111,True
12113,True
12115,True
12117,False
12119,False
12121,False
12123,True
12125,False
12127,True
12129,True
12131,True
12133,False
13001,False
13003,False
13005,False
13007,False
13009,False
13011,False
13013,False
13015,False
13017,False
13019,False
13021,False
13023,False
13025,False
13027,False
13029,True
13031,False
13033,False
13035,False
13037,False
13039,True
13043,False
13045,False
13047,False
13049,False
13051,True
13053,False
13055,False
13057,False
13059,False
13061,False
13063,False
13065,False
13067,False
13069,False
13071,False
13073,False
13075,False
13077,False
13079,False
13081,False
13083,False
13085,False
13087,False
13089,False
13091,False
13093,False
13095,False
13097,False
13099,False
13101,False
13103,False
13105,False
13107,False
13109,False
13111,False
13113,False
13115,False
13117,False
13119,False
13121,False
13123,False
13125,False
13127,True
13129,False
13131,False
13133,False
13135,False
13137,False
13139,False
13141,False
13143,False
13145,False
13147,False
13149,False
13151,False
13153,False
13155,False
13157,False
13159,False
13161,False
13163,False
13165,False
13167,False
13169,False
13171,False
13173,False
13175,False
13177,False
13179,True
13181,False
13183,False
13185,False
13187,False
13189,False
13191,True
13193,False
13195,False
13197,False
13199,False
13201,False
13205,False
13207,False
13209,False
13211,False
13213,False
13215,False
13217,False
13219,False
13221,False
13223,False
13225,False
13227,False
13229,False
13231,False
13233,False
13235,False
13237,False
13239,False
13241,False
13243,False
13245,False
13247,False
13249,False
13251,False
13253,False
13255,False
13257,False
13259,False
13261,False
13263,False
13265,False
13267,False
13269,False
13271,False
13273,False
13275,False
13277,False
13279,False
13281,False
13283,False
13285,False
13287,False
13289,False
13291,False
13293,False
13295,False
13297,False
13299,False
13301,False
13303,False
13305,False
13307,False
13309,False
13311,False
13313,False
13315,False
13317,False
13319,False
13321,False
15001,True
15003,True
15005,True
15007,True
15009,True
16001,False
16003,False
16005,False
16007,False
16009,False
16011,False
16013,False
16015,False
16017,False
16019,False
16021,False
16023,False
16025,False
16027,False
16029,False
16031,False
16033,False
16035,False
16037,False
16039,False
16041,False
16043,False
16045,False
16047,False
16049,False
16051,False
16053,False
16055,False
16057,False
16059,False
16061,False
16063,False
16065,False
16067,False
16069,False
16071,False
16073,False
16075,False
16077,False
16079,False
16081,False
16083,False
16085,False
16087,False
17001,False
17003,False
17005,False
17007,False
17009,False
17011,False
17013,False
17015,False
17017,False
17019,False
17021,False
17023,False
17025,False
17027,False
17029,False
17031,False
17033,False
17035,False
17037,False
17039,False
17041,False
17043,False
17045,False
17047,False
17049,False
17051,False
17053,False
17055,False
17057,False
17059,False
17061,False
17063,False
17065,False
17067,False
17069,False
17071,False
17073,False
17075,False
17077,False
17079,False
17081,False
17083,False
17085,False
17087,False
17089,False
17091,False
17093,False
17095,False
17097,False
17099,False
17101,False
17103,False
17105,False
17107,False
17109,False
17111,False
17113,False
17115,False
17117,False
17119,False
17121,False
17123,False
17125,False
17127,False
17129,False
17131,False
17133,False
17135,False
17137,False
17139,False
17141,False
17143,False
17145,False
17147,False
17149,False
17151,False
17153,False
17155,False
17157,False
17159,False
17161,False
17163,False
17165,False
17167,False
17169,False
17171,False
17173,False
17175,False
17177,False
17179,False
17181,False
17183,False
17185,False
17187,False
17189,False
17191,False
17193,False
17195,False
17197,False
17199,False
17201,False
17203,False
18001,False
18003,False
18005,False
18007,False
18009,False
18011,False
18013,False
18015,False
18017,False
18019,False
18021,False
18023,False
18025,False
18027,False
18029,False
18031,False
18033,False
18035,False
18037,False
18039,False
18041,False
18043,False
18045,False
18047,False
18049,False
18051,False
18053,False
18055,False
18057,False
18059,False
18061,False
18063,False
18065,False
18067,False
18069,False
18071,False
18073,False
18075,False
18077,False
18079,False
18081,False
18083,False
18085,False
18087,False
18089,False
18091,False
18093,False
18095,False
18097,False
18099,False
18101,False
18103,False
18105,False
18107,False
18109,False
18111,False
18113,False
18115,False
18117,False
18119,False
18121,False
18123,False
18125,False
18127,False
18129,False
18131,False
18133,False
18135,False
18137,False
18139,False
18141,False
18143,False
18145,False
18147,False
18149,False
18151,False
18153,False
18155,False
18157,False
18159,False
18161,False
18163,False
18165,False
18167,False
18169,False
18171,False
18173,False
18175,False
18177,False
18179,False
18181,False
18183,False
19001,False
19003,False
19005,False
19007,False
19009,False
19011,False
19013,False
19015,False
19017,False
19019,False
19021,False
19023,False
19025,False
19027,False
19029,False
19031,False
19033,False
19035,False
19037,False
19039,False
19041,False
19043,False
19045,False
19047,False
19049,False
19051,False
19053,False
19055,False
19057,False
19059,False
19061,False
19063,False
19065,False
19067,False
19069,False
19071,False
19073,False
19075,False
19077,False
19079,False
19081,False
19083,False
19085,False
19087,False
19089,False
19091,False
19093,False
19095,False
19097,False
19099,False
19101,False
19103,False
19105,False
19107,False
19109,False
19111,False
19113,False
19115,False
19117,False
19119,False
19121,False
19123,False
19125,False
19127,False
19129,False
19131,False
19133,False
19135,False
19137,False
19139,False
19141,False
19143,False
19145,False
19147,False
19149,False
19151,False
19153,False
19155,False
19157,False
19159,False
19161,False
19163,False
19165,False
19167,False
19169,False
19171,False
19173,False
19175,False
19177,False
19179,False
19181,False
19183,False
19185,False
19187,False
19189,False
19191,False
19193,False
19195,False
19197,False
20001,False
20003,False
20005,False
20007,False
20009,False
20011,False
20013,False
20015,False
20017,False
20019,False
20021,False
20023,False
20025,False
20027,False
20029,False
20031,False
20033,False
20035,False
20037,False
20039,False
20041,False
20043,False
20045,False
20047,False
20049,False
20051,False
20053,False
20055,False
20057,False
20059,False
20061,False
20063,False
20065,False
20067,False
20069,False
20071,False
20073,False
20075,False
20077,False
20079,False
20081,False
20083,False
20085,False
20087,False
20089,False
20091,False
20093,False
20095,False
20097,False
20099,False
20101,False
20103,False
20105,False
20107,False
20109,False
20111,False
20113,False
20115,False
20117,False
20119,False
20121,False
20123,False
20125,False
20127,False
20129,False
20131,False
20133,False
20135,False
20137,False
20139,False
20141,False
20143,False
20145,False
20147,False
20149,False
20151,False
20153,False
20155,False
20157,False
20159,False
20161,False
20163,False
20165,False
20167,False
20169,False
20171,False
20173,False
20175,False
20177,False
20179,False
20181,False
20183,False
20185,False
20187,False
20189,False
20191,False
20193,False
20195,False
20197,False
20199,False
20201,False
20203,False
20205,False
20207,False
20209,False
21001,False
21003,False
21005,False
21007,False
21009,False
21011,False
21013,False
21015,False
21017,False
21019,False
21021,False
21023,False
21025,False
21027,False
21029,False
21031,False
21033,False
21035,False
21037,False
21039,False
21041,False
21043,False
21045,False
21047,False
21049,False
21051,False
21053,False
21055,False
21057,False
21059,False
21061,False
21063,False
21065,False
21067,False
21069,False
21071,False
21073,False
21075,False
21077,False
21079,False
21081,False
21083,False
21085,False
21087,False
21089,False
21091,False
21093,False
21095,False
21097,False
21099,False
21101,False
21103,False
21105,False
21107,False
21109,False
21111,False
21113,False
21115,False
21117,False
21119,False
21121,False
21123,False
21125,False
21127,False
21129,False
21131,False
21133,False
21135,False
21137,False
21139,False
21141,False
21143,False
21145,False
21147,False
21149,False
21151,False
21153,False
21155,False
21157,False
21159,False
21161,False
21163,False
21165,False
21167,False
21169,False
21171,False
21173,False
21175,False
21177,False
21179,False
21181,False
21183,False
21185,False
21187,False
21189,False
21191,False
21193,False
21195,False
21197,False
21199,False
21201,False
21203,False
21205,False
21207,False
21209,False
21211,False
21213,False
21215,False
21217,False
21219,False
21221,False
21223,False
21225,False
21227,False
21229,False
21231,False
21233,False
21235,False
21237,False
21239,False
22001,False
22003,False
22005,False
22007,False
22009,False
22011,False
22013,False
22015,False
22017,False
22019,False
22021,False
22023,True
22025,False
22027,False
22029,False
22031,False
22033,False
22035,False
22037,False
22039,False
22041,False
22043,False
22045,True
22047,False
22049,False
22051,True
22053,False
22055,False
22057,True
22059,False
22061,False
22063,False
22065,False
22067,False
22069,False
22071,True
22073,False
22075,True
22077,False
22079,False
22081,False
22083,False
22085,False
22087,True
22089,False
22091,False
22093,False
22095,False
22097,False
22099,False
22101,True
22103,True
22105,False
22107,False
22109,True
22111,False
22113,True
22115,False
22117,False
22119,False
22121,False
22123,False
22125,False
22127,False
23001,False
23003,False
23005,True
23007,False
23009,True
23011,False
23013,True
23015,True
23017,False
23019,False
23021,False
23023,True
23025,False
23027,True
23029,True
23031,True
24001,False
24003,True
24005,True
24009,True
24011,False
24013,False
24015,True
24017,True
24019,True
24021,False
24023,False
24025,True
24027,False
24029,True
24031,False
24033,False
24035,True
24037,True
24039,True
24041,True
24043,False
24045,True
24047,True
24510,True
25001,True
25003,False
25005,True
25007,True
25009,True
25011,False
25013,False
25015,False
25017,False
25019,True
25021,True
25023,True
25025,True
25027,False
26001,False
26003,False
26005,False
26007,False
26009,False
26011,False
26013,False
26015,False
26017,False
26019,False
26021,False
26023,False
26025,False
26027,False
26029,False
26031,False
26033,False
26035,False
26037,False
26039,False
26041,False
26043,False
26045,False
26047,False
26049,False
26051,False
26053,False
26055,False
26057,False
26059,False
26061,False
26063,False
26065,False
26067,False
26069,False
26071,False
26073,False
26075,False
26077,False
26079,False
26081,False
26083,False
26085,False
26087,False
26089,False
26091,False
26093,False
26095,False
26097,False
26099,False
26101,False
26103,False
26105,False
26107,False
26109,False
26111,False
26113,False
26115,False
26117,False
26119,False
26121,False
26123,False
26125,False
26127,False
26129,False
26131,False
26133,False
26135,False
26137,False
26139,False
26141,False
26143,False
26145,False
26147,False
26149,False
26151,False
26153,False
26155,False
26157,False
26159,False
26161,False
26163,False
26165,False
27001,False
27003,False
27005,False
27007,False
27009,False
27011,False
27013,False
27015,False
27017,False
27019,False
27021,False
27023,False
27025,False
27027,False
27029,False
27031,False
27033,False
27035,False
27037,False
27039,False
27041,False
27043,False
27045,False
27047,False
27049,False
27051,False
27053,False
27055,False
27057,False
27059,False
27061,False
27063,False
27065,False
27067,False
27069,False
27071,False
27073,False
27075,False
27077,False
27079,False
27081,False
27083,False
27085,False
27087,False
27089,False
27091,False
27093,False
27095,False
27097,False
27099,False
27101,False
27103,False
27105,False
27107,False
27109,False
27111,False
27113,False
27115,False
27117,False
27119,False
27121,False
27123,False
27125,False
27127,False
27129,False
27131,False
27133,False
27135,False
27137,False
27139,False
27141,False
27143,False
27145,False
27147,False
27149,False
27151,False
27153,False
27155,False
27157,False
27159,False
27161,False
27163,False
27165,False
27167,False
27169,False
27171,False
27173,False
28001,False
28003,False
28005,False
28007,False
28009,False
28011,False
28013,False
28015,False
28017,False
28019,False
28021,False
28023,False
28025,False
28027,False
28029,False
28031,False
28033,False
28035,False
28037,False
28039,False
28041,False
28043,False
28045,True
28047,True
28049,False
28051,False
28053,False
28055,False
28057,False
28059,True
28061,False
28063,False
28065,False
28067,False
28069,False
28071,False
28073,False
28075,False
28077,False
28079,False
28081,False
28083,False
28085,False
28087,False
28089,False
28091,False
28093,False
28095,False
28097,False
28099,False
28101,False
28103,False
28105,False
28107,False
28109,False
28111,False
28113,False
28115,False
28117,False
28119,False
28121,False
28123,False
28125,False
28127,False
28129,False
28131,False
28133,False
28135,False
28137,False
28139,False
28141,False
28143,False
28145,False
28147,False
28149,False
28151,False
28153,False
28155,False
28157,False
28159,False
28161,False
28163,False
29001,False
29003,False
29005,False
29007,False
29009,False
29011,False
29013,False
29015,False
29017,False
29019,False
29021,False
29023,False
29025,False
29027,False
29029,False
29031,False
29033,False
29035,False
29037,False
29039,False
29041,False
29043,False
29045,False
29047,False
29049,False
29051,False
29053,False
29055,False
29057,False
29059,False
29061,False
29063,False
29065,False
29067,False
29069,False
29071,False
29073,False
29075,False
29077,False
29079,False
29081,False
29083,False
29085,False
29087,False
29089,False
29091,False
29093,False
29095,False
29097,False
29099,False
29101,False
29103,False
29105,False
29107,False
29109,False
29111,False
29113,False
29115,False
29117,False
29119,False
29121,False
29123,False
29125,False
29127,False
29129,False
29131,False
29133,False
29135,False
29137,False
29139,False
29141,False
29143,False
29145,False
29147,False
29149,False
29151,False
29153,False
29155,False
29157,False
29159,False
29161,False
29163,False
29165,False
29167,False
29169,False
29171,False
29173,False
29175,False
29177,False
29179,False
29181,False
29183,False
29185,False
29186,False
29187,False
29189,False
29195,False
29197,False
29199,False
29201,False
29203,False
29205,False
29207,False
29209,False
29211,False
29213,False
29215,False
29217,False
29219,False
29221,False
29223,False
29225,False
29227,False
29229,False
29510,False
30001,False
30003,False
30005,False
30007,False
30009,False
30011,False
30013,False
30015,False
30017,False
30019,False
30021,False
30023,False
30025,False
30027,False
30029,False
30031,False
30033,False
30035,False
30037,False
30039,False
30041,False
30043,False
30045,False
30047,False
30049,False
30051,False
30053,False
30055,False
30057,False
30059,False
30061,False
30063,False
30065,False
30067,False
30069,False
30071,False
30073,False
30075,False
30077,False
30079,False
30081,False
30083,False
30085,False
30087,False
30089,False
30091,False
30093,False
30095,False
30097,False
30099,False
30101,False
30103,False
30105,False
30107,False
30109,False
30111,False
31001,False
31003,False
31005,False
31007,False
31009,False
31011,False
31013,False
31015,False
31017,False
31019,False
31021,False
31023,False
31025,False
31027,False
31029,False
31031,False
31033,False
31035,False
31037,False
31039,False
31041,False
31043,False
31045,False
31047,False
31049,False
31051,False
31053,False
31055,False
31057,False
31059,False
31061,False
31063,False
31065,False
31067,False
31069,False
31071,False
31073,False
31075,False
31077,False
31079,False
31081,False
31083,False
31085,False
31087,False
31089,False
31091,False
31093,False
31095,False
31097,False
31099,False
31101,False
31103,False
31105,False
31107,False
31109,False
31111,False
31113,False
31115,False
31119,False
31121,False
31123,False
31125,False
31127,False
31129,False
31131,False
31133,False
31135,False
31137,False
31139,False
31141,False
31143,False
31145,False
31147,False
31149,False
31151,False
31153,False
31155,False
31157,False
31159,False
31161,False
31163,False
31165,False
31167,False
31169,False
31171,False
31173,False
31175,False
31177,False
31179,False
31181,False
31183,False
31185,False
32001,False
32003,False
32005,False
32007,False
32009,False
32011,False
32013,False
32015,False
32017,False
32019,False
32021,False
32023,False
32027,False
32029,False
32031,False
32033,False
32510,False
33001,False
33003,False
33005,False
33007,False
33009,False
33011,False
33013,False
33015,True
33017,False
33019,False
34001,True
34003,False
34005,False
34007,False
34009,True
34011,True
34013,True
34015,False
34017,True
34019,False
34021,False
34023,True
34025,True
34027,False
34029,True
34031,False
34033,True
34035,False
34037,False
34039,True
34041,False
35001,False
35003,False
35005,False
35006,False
35007,False
35009,False
35011,False
35013,False
35015,False
35017,False
35019,False
35021,False
35023,False
35025,False
35027,False
35028,False
35029,False
35031,False
35033,False
35035,False
35037,False
35039,False
35041,False
35043,False
35045,False
35047,False
35049,False
35051,False
35053,False
35055,False
35057,False
35059,False
35061,False
36001,False
36003,False
36005,True
36007,False
36009,False
36011,False
36013,False
36015,False
36017,False
36019,False
36021,False
36023,False
36025,False
36027,False
36029,False
36031,False
36033,False
36035,False
36037,False
36039,False
36041,False
36043,False
36045,False
36047,True
36049,False
36051,False
36053,False
36055,False
36057,False
36059,True
36061,True
36063,False
36065,False
36067,False
36069,False
36071,False
36073,False
36075,False
36077,False
36079,False
36081,True
36083,False
36085,True
36087,False
36089,False
36091,False
36093,False
36095,False
36097,False
36099,False
36101,False
36103,True
36105,False
36107,False
36109,False
36111,False
36113,False
36115,False
36117,False
36119,True
36121,False
36123,False
37001,False
37003,False
37005,False
37007,False
37009,False
37011,False
37013,True
37015,True
37017,False
37019,True
37021,False
37023,False
37025,False
37027,False
37029,True
37031,True
37033,False
37035,False
37037,False
37039,False
37041,True
37043,False
37045,False
37047,False
37049,True
37051,False
37053,True
37055,True
37057,False
37059,False
37061,False
37063,False
37065,False
37067,False
37069,False
37071,False
37073,False
37075,False
37077,False
37079,False
37081,False
37083,False
37085,False
37087,False
37089,False
37091,False
37093,False
37095,True
37097,False
37099,False
37101,False
37103,False
37105,False
37107,False
37109,False
37111,False
37113,False
37115,False
37117,False
37119,False
37121,False
37123,False
37125,False
37127,False
37129,True
37131,False
37133,True
37135,False
37137,True
37139,True
37141,True
37143,True
37145,False
37147,False
37149,False
37151,False
37153,False
37155,False
37157,False
37159,False
37161,False
37163,False
37165,False
37167,False
37169,False
37171,False
37173,False
37175,False
37177,True
37179,False
37181,False
37183,False
37185,False
37187,True
37189,False
37191,False
37193,False
37195,False
37197,False
37199,False
38001,False
38003,False
38005,False
38007,False
38009,False
38011,False
38013,False
38015,False
38017,False
38019,False
38021,False
38023,False
38025,False
38027,False
38029,False
38031,False
38033,False
38035,False
38037,False
38039,False
38041,False
38043,False
38045,False
38047,False
38049,False
38051,False
38053,False
38055,False
38057,False
38059,False
38061,False
38063,False
38065,False
38067,False
38069,False
38071,False
38073,False
38075,False
38077,False
38079,False
38081,False
38083,False
38085,False
38087,False
38089,False
38091,False
38093,False
38095,False
38097,False
38099,False
38101,False
38103,False
38105,False
39001,False
39003,False
39005,False
39007,False
39009,False
39011,False
39013,False
39015,False
39017,False
39019,False
39021,False
39023,False
39025,False
39027,False
39029,False
39031,False
39033,False
39035,False
39037,False
39039,False
39041,False
39043,False
39045,False
39047,False
39049,False
39051,False
39053,False
39055,False
39057,False
39059,False
39061,False
39063,False
39065,False
39067,False
39069,False
39071,False
39073,False
39075,False
39077,False
39079,False
39081,False
39083,False
39085,False
39087,False
39089,False
39091,False
39093,False
39095,False
39097,False
39099,False
39101,False
39103,False
39105,False
39107,False
39109,False
39111,False
39113,False
39115,False
39117,False
39119,False
39121,False
39123,False
39125,False
39127,False
39129,False
39131,False
39133,False
39135,False
39137,False
39139,False
39141,False
39143,False
39145,False
39147,False
39149,False
39151,False
39153,False
39155,False
39157,False
39159,False
39161,False
39163,False
39165,False
39167,False
39169,False
39171,False
39173,False
39175,False
40001,False
40003,False
40005,False
40007,False
40009,False
40011,False
40013,False
40015,False
40017,False
40019,False
40021,False
40023,False
40025,False
40027,False
40029,False
40031,False
40033,False
40035,False
40037,False
40039,False
40041,False
40043,False
40045,False
40047,False
40049,False
40051,False
40053,False
40055,False
40057,False
40059,False
40061,False
40063,False
40065,False
40067,False
40069,False
40071,False
40073,False
40075,False
40077,False
40079,False
40081,False
40083,False
40085,False
40087,False
40089,False
40091,False
40093,False
40095,False
40097,False
40099,False
40101,False
40103,False
40105,False
40107,False
40109,False
40111,False
40113,False
40115,False
40117,False
40119,False
40121,False
40123,False
40125,False
40127,False
40129,False
40131,False
40133,False
40135,False
40137,False
40139,False
40141,False
40143,False
40145,False
40147,False
40149,False
40151,False
40153,False
41001,False
41003,False
41005,False
41007,True
41009,False
41011,True
41013,False
41015,True
41017,False
41019,True
41021,False
41023,False
41025,False
41027,False
41029,False
41031,False
41033,False
41035,False
41037,False
41039,True
41041,True
41043,False
41045,False
41047,False
41049,False
41051,False
41053,False
41055,False
41057,True
41059,False
41061,False
41063,False
41065,False
41067,False
41069,False
41071,False
42001,False
42003,False
42005,False
42007,False
42009,False
42011,False
42013,False
42015,False
42017,False
42019,False
42021,False
42023,False
42025,False
42027,False
42029,False
42031,False
42033,False
42035,False
42037,False
42039,False
42041,False
42043,False
42045,False
42047,False
42049,False
42051,False
42053,False
42055,False
42057,False
42059,False
42061,False
42063,False
42065,False
42067,False
42069,False
42071,False
42073,False
42075,False
42077,False
42079,False
42081,False
42083,False
42085,False
42087,False
42089,False
42091,False
42093,False
42095,False
42097,False
42099,False
42101,False
42103,False
42105,False
42107,False
42109,False
42111,False
42113,False
42115,False
42117,False
42119,False
42121,False
42123,False
42125,False
42127,False
42129,False
42131,False
42133,False
44001,True
44003,True
44005,True
44007,True
44009,True
45001,False
45003,False
45005,False
45007,False
45009,False
45011,False
45013,True
45015,False
45017,False
45019,True
45021,False
45023,False
45025,False
45027,False
45029,True
45031,False
45033,False
45035,False
45037,False
45039,False
45041,False
45043,True
45045,False
45047,False
45049,False
45051,True
45053,True
45055,False
45057,False
45059,False
45061,False
45063,False
45065,False
45067,False
45069,False
45071,False
45073,False
45075,False
45077,False
45079,False
45081,False
45083,False
45085,False
45087,False
45089,False
45091,False
46003,False
46005,False
46007,False
46009,False
46011,False
46013,False
46015,False
46017,False
46019,False
46021,False
46023,False
46025,False
46027,False
46029,False
46031,False
46033,False
46035,False
46037,False
46039,False
46041,False
46043,False
46045,False
46047,False
46049,False
46051,False
46053,False
46055,False
46057,False
46059,False
46061,False
46063,False
46065,False
46067,False
46069,False
46071,False
46073,False
46075,False
46077,False
46079,False
46081,False
46083,False
46085,False
46087,False
46089,False
46091,False
46093,False
46095,False
46097,False
46099,False
46101,False
46103,False
46105,False
46107,False
46109,False
46111,False
46115,False
46117,False
46119,False
46121,False
46123,False
46125,False
46127,False
46129,False
46135,False
46137,False
47001,False
47003,False
47005,False
47007,False
47009,False
47011,False
47013,False
47015,False
47017,False
47019,False
47021,False
47023,False
47025,False
47027,False
47029,False
47031,False
47033,False
47035,False
47037,False
47039,False
47041,False
47043,False
47045,False
47047,False
47049,False
47051,False
47053,False
47055,False
47057,False
47059,False
47061,False
47063,False
47065,False
47067,False
47069,False
47071,False
47073,False
47075,False
47077,False
47079,False
47081,False
47083,False
47085,False
47087,False
47089,False
47091,False
47093,False
47095,False
47097,False
47099,False
47101,False
47103,False
47105,False
47107,False
47109,False
47111,False
47113,False
47115,False
47117,False
47119,False
47121,False
47123,False
47125,False
47127,False
47129,False
47131,False
47133,False
47135,False
47137,False
47139,False
47141,False
47143,False
47145,False
47147,False
47149,False
47151,False
47153,False
47155,False
47157,False
47159,False
47161,False
47163,False
47165,False
47167,False
47169,False
47171,False
47173,False
47175,False
47177,False
47179,False
47181,False
47183,False
47185,False
47187,False
47189,False
48001,False
48003,False
48005,False
48007,True
48009,False
48011,False
48013,False
48015,False
48017,False
48019,False
48021,False
48023,False
48025,False
48027,False
48029,False
48031,False
48033,False
48035,False
48037,False
48039,True
48041,False
48043,False
48045,False
48047,False
48049,False
48051,False
48053,False
48055,False
48057,True
48059,False
48061,True
48063,False
48065,False
48067,False
48069,False
48071,True
48073,False
48075,False
48077,False
48079,False
48081,False
48083,False
48085,False
48087,False
48089,False
48091,False
48093,False
48095,False
48097,False
48099,False
48101,False
48103,False
48105,False
48107,False
48109,False
48111,False
48113,False
48115,False
48117,False
48119,False
48121,False
48123,False
48125,False
48127,False
48129,False
48131,False
48133,False
48135,False
48137,False
48139,False
48141,False
48143,False
48145,False
48147,False
48149,False
48151,False
48153,False
48155,False
48157,False
48159,False
48161,False
48163,False
48165,False
48167,True
48169,False
48171,False
48173,False
48175,False
48177,False
48179,False
48181,False
48183,False
48185,False
48187,False
48189,False
48191,False
48193,False
48195,False
48197,False
48199,False
48201,True
48203,False
48205,False
48207,False
48209,False
48211,False
48213,False
48215,False
48217,False
48219,False
48221,False
48223,False
48225,False
48227,False
48229,False
48231,False
48233,False
48235,False
48237,False
48239,True
48241,False
48243,False
48245,True
48247,False
48249,False
48251,False
48253,False
48255,False
48257,False
48259,False
48261,True
48263,False
48265,False
48267,False
48269,False
48271,False
48273,True
48275,False
48277,False
48279,False
48281,False
48283,False
48285,False
48287,False
48289,False
48291,False
48293,False
48295,False
48297,False
48299,False
48301,False
48303,False
48305,False
48307,False
48309,False
48311,False
48313,False
48315,False
48317,False
48319,False
48321,True
48323,False
48325,False
48327,False
48329,False
48331,False
48333,False
48335,False
48337,False
48339,False
48341,False
48343,False
48345,False
48347,False
48349,False
48351,False
48353,False
48355,True
48357,False
48359,False
48361,False
48363,False
48365,False
48367,False
48369,False
48371,False
48373,False
48375,False
48377,False
48379,False
48381,False
48383,False
48385,False
48387,False
48389,False
48391,True
48393,False
48395,False
48397,False
48399,False
48401,False
48403,False
48405,False
48407,False
48409,True
48411,False
48413,False
48415,False
48417,False
48419,False
48421,False
48423,False
48425,False
48427,False
48429,False
48431,False
48433,False
48435,False
48437,False
48439,False
48441,False
48443,False
48445,False
48447,False
48449,False
48451,False
48453,False
48455,False
48457,False
48459,False
48461,False
48463,False
48465,False
48467,False
48469,True
48471,False
48473,False
48475,False
48477,False
48479,False
48481,False
48483,False
48485,False
48487,False
48489,True
48491,False
48493,False
48495,False
48497,False
48499,False
48501,False
48503,False
48505,False
48507,False
49001,False
49003,False
49005,False
49007,False
49009,False
49011,False
49013,False
49015,False
49017,False
49019,False
49021,False
49023,False
49025,False
49027,False
49029,False
49031,False
49033,False
49035,False
49037,False
49039,False
49041,False
49043,False
49045,False
49047,False
49049,False
49051,False
49053,False
49055,False
49057,False
50001,False
50003,False
50005,False
50007,False
50009,False
50011,False
50013,False
50015,False
50017,False
50019,False
50021,False
50023,False
50025,False
50027,False
51001,True
51003,False
51005,False
51007,False
51009,False
51011,False
51013,False
51015,False
51017,False
51019,False
51021,False
51023,False
51025,False
51027,False
51029,False
51031,False
51033,False
51035,False
51036,False
51037,False
51041,False
51043,False
51045,False
51047,False
51049,False
51051,False
51053,False
51057,True
51059,True
51061,False
51063,False
51065,False
51067,False
51069,False
51071,False
51073,True
51075,False
51077,False
51079,False
51081,False
51083,False
51085,False
51087,False
51089,False
51091,False
51093,True
51095,True
51097,False
51099,True
51101,False
51103,True
51105,False
51107,False
51109,False
51111,False
51113,False
51115,True
51117,False
51119,True
51121,False
51125,False
51127,False
51131,True
51133,True
51135,False
51137,False
51139,False
51141,False
51143,False
51145,False
51147,False
51149,False
51153,True
51155,False
51157,False
51159,True
51161,False
51163,False
51165,False
51167,False
51169,False
51171,False
51173,False
51175,False
51177,False
51179,True
51181,True
51183,False
51185,False
51187,False
51191,False
51193,True
51195,False
51197,False
51199,True
51510,False
51520,False
51530,False
51540,False
51550,False
51570,False
51590,False
51595,False
51600,False
51610,False
51620,False
51630,False
51650,True
51660,False
51670,False
51678,False
51680,False
51683,False
51685,False
51700,True
51710,True
51720,False
51730,False
51735,True
51740,True
51750,False
51760,False
51770,False
51775,False
51790,False
51800,True
51810,True
51820,False
51830,False
51840,False
53001,False
53003,False
53005,False
53007,False
53009,True
53011,False
53013,False
53015,False
53017,False
53019,False
53021,False
53023,False
53025,False
53027,True
53029,True
53031,True
53033,True
53035,True
53037,False
53039,False
53041,False
53043,False
53045,True
53047,False
53049,True
53051,False
53053,True
53055,True
53057,True
53059,False
53061,True
53063,False
53065,False
53067,False
53069,True
53071,False
53073,True
53075,False
53077,False
54001,False
54003,False
54005,False
54007,False
54009,False
54011,False
54013,False
54015,False
54017,False
54019,False
54021,False
54023,False
54025,False
54027,False
54029,False
54031,False
54033,False
54035,False
54037,False
54039,False
54041,False
54043,False
54045,False
54047,False
54049,False
54051,False
54053,False
54055,False
54057,False
54059,False
54061,False
54063,False
54065,False
54067,False
54069,False
54071,False
54073,False
54075,False
54077,False
54079,False
54081,False
54083,False
54085,False
54087,False
54089,False
54091,False
54093,False
54095,False
54097,False
54099,False
54101,False
54103,False
54105,False
54107,False
54109,False
55001,False
55003,False
55005,False
55007,False
55009,False
55011,False
55013,False
55015,False
55017,False
55019,False
55021,False
55023,False
55025,False
55027,False
55029,False
55031,False
55033,False
55035,False
55037,False
55039,False
55041,False
55043,False
55045,False
55047,False
55049,False
55051,False
55053,False
55055,False
55057,False
55059,False
55061,False
55063,False
55065,False
55067,False
55069,False
55071,False
55073,False
55075,False
55077,False
55078,False
55079,False
55081,False
55083,False
55085,False
55087,False
55089,False
55091,False
55093,False
55095,False
55097,False
55099,False
55101,False
55103,False
55105,False
55107,False
55109,False
55111,False
55113,False
55115,False
55117,False
55119,False
55121,False
55123,False
55125,False
55127,False
55129,False
55131,False
55133,False
55135,False
55137,False
55139,False
55141,False
56001,False
56003,False
56005,False
56007,False
56009,False
56011,False
56013,False
56015,False
56017,False
56019,False
56021,False
56023,False
56025,False
56027,False
56029,False
56031,False
56033,False
56035,False
56037,False
56039,False
56041,False
56043,False
56045,False
